"Susan","Anderson","0679","YXS.2","555-141-1414","SusanAnderson709@gmail.com"
"Nancy","Clark","1074","OBR#8","555-181-1818","NancyClark948@gmail.com"
"Lisa","White","1211","OHW#5","555-202-2020","LisaWhite059@gmail.com"
"Patricia","Wilson","1568","QKA!0","555-121-1212","PatriciaWilson039@gmail.com"
"Sarah","Brown","1853","AAB$0","555-666-6666","SarahBrown749@gmail.com"
"John","Johnson","2167","PSW#2","555-151-1515","JohnJohnson522@gmail.com"
"George","Hall","2886","STS#4","555-191-1919","GeorgeHall483@gmail.com"
"Emily","Johnson","4023","HEX#2","555-444-4444","EmilyJohnson918@gmail.com"
"Mary","Moore","4346","MOJ#5","555-101-1010","MaryMoore446@gmail.com"
"Robert","Smith","4444","FNZ$3","555-333-3333","RobertSmith440@gmail.com"
"John","Doe","5295","ZXP$4","555-111-1111","JohnDoe152@gmail.com"
"Jane","Dow","6065","RZV#1","555-222-2222","JaneDow306@gmail.com"
"Michael","Williams","6784","MWV*6","555-555-5555","MichaelWilliams606@gmail.com"
"David","Taylor","6921","IQI#2","555-111-1111","DavidTaylor413@gmail.com"
"Richard","Lee","7076","KHD#7","555-131-1313","RichardLee009@gmail.com"
"Daniel","Young","7494","KRD#9","555-171-1717","DanielYoung161@gmail.com"
"James","Wilson","8270","WLO#4","555-999-9999","JamesWilson307@gmail.com"
"Karen","Harris","8799","XEF#0","555-161-1616","KarenHarris665@gmail.com"
"William","Jones","8912","VXY#1","555-777-7777","WilliamJones544@gmail.com"
"Linda","Davis","9001","ZJU#9","555-888-8888","LindaDavis337@gmail.com"
